epoch,train_loss,train_cls_loss,train_perturbed_loss,train_grad_norm,val_mean_acc,val_mean_macro_f1,val_worst_acc,val_worst_macro_f1,val_photo_acc,val_photo_macro_f1,val_art_painting_acc,val_art_painting_macro_f1,val_cartoon_acc,val_cartoon_macro_f1
1,1.941790067232572,1.941790067232572,1.9968780778412125,0.5662742679954594,0.2334856315763086,0.07677245855559835,0.1791044776119403,0.05629353945987213,0.2994011976047904,0.11766361717100635,0.22195121951219512,0.05629353945987213,0.1791044776119403,0.056360219035916585
2,1.9297653589493189,1.9297653589493189,1.9550079606537125,0.38348388671875,0.30455687512073465,0.15210371044941826,0.24307036247334754,0.11728764030019259,0.40718562874251496,0.1931901577147288,0.2634146341463415,0.11728764030019259,0.24307036247334754,0.14583333333333334
3,1.908093965970553,1.908093965970553,1.9539763621794872,0.6176749987479968,0.3266344216242745,0.15885389899528157,0.255863539445629,0.14495067773756296,0.41916167664670656,0.1812788398154252,0.3048780487804878,0.14495067773756296,0.255863539445629,0.15033217943285657
4,1.864338149372329,1.864338149372329,1.9361671382545407,0.9079800467205863,0.23935648387036834,0.08675268604310045,0.19616204690831557,0.05142857142857143,0.3023952095808383,0.12034417727487035,0.21951219512195122,0.05142857142857143,0.19616204690831557,0.08848530942585955
5,1.5720720861712072,1.5720720861712072,1.7373571151342146,1.6620772924178686,0.4811555732987715,0.3931044102669294,0.43414634146341463,0.3769299705077488,0.5508982035928144,0.4034422977071973,0.43414634146341463,0.3769299705077488,0.4584221748400853,0.39894096258584205
6,1.183700431106437,1.183700431106437,1.4574609740167601,2.5524688459869123,0.6242510039466546,0.5884999012003219,0.5487804878048781,0.5154734917488085,0.6736526946107785,0.5993024100575439,0.5487804878048781,0.5154734917488085,0.650319829424307,0.650723801794613
7,0.8865209074101896,0.8865209074101896,1.24771731123965,3.137866941272703,0.7561114496785201,0.737045920458497,0.6731707317073171,0.655695746947675,0.8083832335329342,0.7614894761859813,0.6731707317073171,0.655695746947675,0.7867803837953091,0.7939525382418348
8,0.5736743242312701,0.5736743242312701,0.9206566443810096,3.0633529271834936,0.8352004296570934,0.8247356537840648,0.7853658536585366,0.7700378325224316,0.8502994011976048,0.8240588846990201,0.7853658536585366,0.7700378325224316,0.8699360341151386,0.8801102441307428
9,0.36839258568918604,0.36839258568918604,0.7046201657026242,2.8582351554153314,0.8706071241987398,0.8629474565815496,0.8219512195121951,0.8114617201155606,0.8922155688622755,0.8701475149922885,0.8219512195121951,0.8114617201155606,0.8976545842217484,0.9072331346367998
10,0.2651536403558193,0.2651536403558193,0.5607108091696714,2.482734614967281,0.8910292369652498,0.8836898614091017,0.8268292682926829,0.8148695024158404,0.9251497005988024,0.9116315910289046,0.8268292682926829,0.8148695024158404,0.9211087420042644,0.9245684907825596
11,0.1874266567393246,0.1874266567393246,0.45373450385199654,2.159483167860243,0.9135594949785281,0.9090252833528579,0.8585365853658536,0.8507656884158858,0.9461077844311377,0.936879202766056,0.8585365853658536,0.8507656884158858,0.9360341151385928,0.9394309588766321
12,0.143409174731654,0.143409174731654,0.3855871868948651,1.874971177842882,0.9186225396209505,0.9151513844174319,0.8707317073170732,0.8663165039008164,0.9491017964071856,0.9401769224389451,0.8707317073170732,0.8663165039008164,0.9360341151385928,0.9389607269125342
13,0.10477317907871345,0.10477317907871345,0.3202096661950788,1.589096460586939,0.9229748522093573,0.9195005302705064,0.8829268292682927,0.8741976293791092,0.9520958083832335,0.942558641508337,0.8829268292682927,0.8741976293791092,0.9339019189765458,0.941745319924073
14,0.08677445110092816,0.08677445110092816,0.292145753518129,1.4360311133229835,0.9264797047955158,0.924766934748772,0.8853658536585366,0.8843190738885749,0.9431137724550899,0.9326715165821399,0.8853658536585366,0.8843190738885749,0.9509594882729211,0.9573102137756012
15,0.06451643430269681,0.06451643430269681,0.24336374722994292,1.1992945222773104,0.9277115123333862,0.9250824915267177,0.8804878048780488,0.8757548988109567,0.9580838323353293,0.9521934293479429,0.8804878048780488,0.8757548988109567,0.9445628997867804,0.9472991464212533
16,0.04877552211794079,0.04877552211794079,0.21253070668277577,1.0123780731462007,0.9276287925475172,0.9258843869733994,0.8853658536585366,0.8833980931184569,0.9550898203592815,0.9473857178565195,0.8853658536585366,0.8833980931184569,0.9424307036247335,0.9468693499452214
17,0.0392454465230306,0.0392454465230306,0.19428280887440738,0.873055417313535,0.9397848019183433,0.9384889035070202,0.9073170731707317,0.9034732405758754,0.9610778443113772,0.9553740173108286,0.9073170731707317,0.9034732405758754,0.9509594882729211,0.9566194526343565
18,0.03290154995062412,0.03290154995062412,0.18403294555142394,0.7771226279755943,0.9317426408818434,0.9313644898818806,0.8951219512195122,0.8938090576021501,0.9640718562874252,0.9568112727370924,0.8951219512195122,0.8938090576021501,0.9360341151385928,0.943473139306399
19,0.02725353607764611,0.02725353607764611,0.16283318935296473,0.6911834325545874,0.9290893692359418,0.9280333776902854,0.9,0.90101206735907,0.9491017964071856,0.941239079211637,0.9,0.90101206735907,0.9381663113006397,0.9418489865001493
20,0.024357127328204293,0.024357127328204293,0.16734261798043537,0.6746880947015225,0.9234126681371254,0.9191487880997912,0.8731707317073171,0.8683879571762675,0.9461077844311377,0.9358109768997959,0.8731707317073171,0.8683879571762675,0.9509594882729211,0.9532474302233104
21,0.019280311388847154,0.019280311388847154,0.14007659651275373,0.5229637276413094,0.9324826243295821,0.9335151971264267,0.8853658536585366,0.8877694697011823,0.9760479041916168,0.9720738581397068,0.8853658536585366,0.8877694697011823,0.9360341151385928,0.940702263538391
22,0.0181019958267864,0.0181019958267864,0.14640138088128504,0.53855468880417,0.9395267813740661,0.9372246903417668,0.8975609756097561,0.8924102407172702,0.9700598802395209,0.9659353364925282,0.8975609756097561,0.8924102407172702,0.9509594882729211,0.9533284938155019
